id,url,known_label,fraud_verdict,fraud_probability,verdict_confidence,top_reasons,registrable_domain,analysis_mode,lookup_status,error
1,https://www.twinspires.com/bet/program/classic/saratoga/sar/thoroughbred/13/pps,legitimate (held-out test set),LEGITIMATE,0.036,0.964,domain ending '.com' (23% of training URLs with it were phishing) (lowers risk); has a 'www.' prefix (lowers risk); uses https:// (or no scheme given) (lowers risk),twinspires.com,offline (URL text only),,
2,https://www.playscripts.com/,legitimate (held-out test set),LEGITIMATE,0.091,0.909,domain ending '.com' (23% of training URLs with it were phishing) (lowers risk); has a 'www.' prefix (lowers risk); subdomain is 3 characters long (lowers risk),playscripts.com,offline (URL text only),,
3,https://www.wyff4.com/article/real-id-south-carolina/63588354,legitimate (held-out test set),LEGITIMATE,0.012,0.988,domain ending '.com' (23% of training URLs with it were phishing) (lowers risk); 3 hyphens (lowers risk); longest path segment is 22 characters (lowers risk),wyff4.com,offline (URL text only),,
4,https://www.met.ie/warnings/friday/marine/ei811,legitimate (held-out test set),LEGITIMATE,0.004,0.996,domain ending '.ie' (11% of training URLs with it were phishing) (lowers risk); longest hostname part is 3 characters (lowers risk); uses https:// (or no scheme given) (lowers risk),met.ie,offline (URL text only),,
5,https://servizi.torinofacile.it/info/servizi/certificazione,legitimate (held-out test set),LEGITIMATE,0.008,0.992,domain ending '.it' (11% of training URLs with it were phishing) (lowers risk); uses https:// (or no scheme given) (lowers risk); path randomness 3.5 bits/char (lowers risk),torinofacile.it,offline (URL text only),,
6,https://www.lundsandbyerlys.com/sm/pickup/rsid/1007/shoppable-weekly-ad,legitimate (held-out test set),LEGITIMATE,0.008,0.992,domain ending '.com' (23% of training URLs with it were phishing) (lowers risk); longest path segment is 19 characters (lowers risk); 2 hyphens (lowers risk),lundsandbyerlys.com,offline (URL text only),,
7,https://nd02203833.schoolwires.net/site/default.aspx,legitimate (held-out test set),REVIEW,0.189,0.811,8 digits in the hostname (raises risk); server-script page (.php/.asp/.jsp) (raises risk); no hyphens (raises risk),schoolwires.net,offline (URL text only),,
8,https://www.fool.com.au/tickers/asx-iag/,legitimate (held-out test set),LEGITIMATE,0.002,0.998,domain ending '.com.au' (6% of training URLs with it were phishing) (lowers risk); longest hostname part is 4 characters (lowers risk); uses https:// (or no scheme given) (lowers risk),fool.com.au,offline (URL text only),,
9,https://www.zdnet.com/article/android-17-web-browsing-security-privacy-features-update/,legitimate (held-out test set),REVIEW,0.299,0.701,2 login/payment words in the path (raises risk); URL randomness 4.5 bits/char (raises risk); 80% of characters are letters (raises risk),zdnet.com,offline (URL text only),,
10,https://www.evalapply.org/posts/side-step-secretary-problem-hiring/index.html,legitimate (held-out test set),LEGITIMATE,0.006,0.994,domain ending '.org' (8% of training URLs with it were phishing) (lowers risk); 4 hyphens (lowers risk); longest path segment is 34 characters (lowers risk),evalapply.org,offline (URL text only),,
11,https://www.thescottishfarmer.co.uk/news/26534316.france-unveils-eur1-1bn-aid-package-drought-hit-farmers/,legitimate (held-out test set),LEGITIMATE,0.038,0.962,domain ending '.co.uk' (6% of training URLs with it were phishing) (lowers risk); longest path segment is 64 characters (lowers risk); 8 hyphens (lowers risk),thescottishfarmer.co.uk,offline (URL text only),,
12,https://tcz.hu/blog/2026/09/03/human-tool/,legitimate (held-out test set),LEGITIMATE,0.018,0.982,domain ending '.hu' (40% of training URLs with it were phishing) (lowers risk); domain name is 3 characters long (lowers risk); longest hostname part is 3 characters (lowers risk),tcz.hu,offline (URL text only),,
13,https://proxy.kyc.red/,legitimate (held-out test set),REVIEW,0.229,0.771,no 'www.' prefix (raises risk); a login/payment word in the hostname (raises risk); no path (raises risk),kyc.red,offline (URL text only),,
14,https://unbiased.ai/model-card/,legitimate (held-out test set),LEGITIMATE,0.018,0.982,domain ending '.ai' (13% of training URLs with it were phishing) (lowers risk); path randomness 3.3 bits/char (lowers risk); uses https:// (or no scheme given) (lowers risk),unbiased.ai,offline (URL text only),,
15,https://llwdc.com,legitimate (held-out test set),REVIEW,0.416,0.584,up to 5 consonants in a row in the domain name (raises risk); domain name is 0% vowels (unpronounceable) (raises risk); no 'www.' prefix (raises risk),llwdc.com,offline (URL text only),,
16,http://itunes.apple.com.account-verify.example.net/mim/t0598zry5c01h7w60ff18955z55j1wq48us00r6uo0394k5384.html,"made-up phishing-style URL (reserved domain, not real)",FRAUD,0.984,0.984,well-known brand name in the subdomain (impersonation pattern) (raises risk); uses unencrypted http:// (raises risk); 2 login/payment words in the hostname (raises risk),example.net,offline (URL text only),,
17,http://old-accountants.example.org/.tmb/100458/01459/Amazon,"made-up phishing-style URL (reserved domain, not real)",REVIEW,0.747,0.747,uses unencrypted http:// (raises risk); well-known brand name in the path (raises risk); a login/payment word in the hostname (raises risk),example.org,offline (URL text only),,
18,http://198.51.100.23/,"made-up phishing-style URL (reserved domain, not real)",FRAUD,1.000,1.000,no domain name (raw IP address) (raises risk); uses unencrypted http:// (raises risk); 48% of characters are digits (raises risk),198.51.100.23,offline (URL text only),,
19,http://wine-shop.example.com/help/Login/identity/signin/myaccount/signin,"made-up phishing-style URL (reserved domain, not real)",FRAUD,0.907,0.907,uses unencrypted http:// (raises risk); 3 login/payment words in the path (raises risk); 8 slashes (raises risk),example.com,offline (URL text only),,
20,http://ski-resort.example.org/wp-content/daily_activity/2015-06-10_activite.html,"made-up phishing-style URL (reserved domain, not real)",REVIEW,0.193,0.807,WordPress directory in the path (often a hacked site) (raises risk); uses unencrypted http:// (raises risk); no 'www.' prefix (raises risk),example.org,offline (URL text only),,
21,http://blog.example.net/Class/confirm/paypal/signin,"made-up phishing-style URL (reserved domain, not real)",FRAUD,0.964,0.964,uses unencrypted http:// (raises risk); well-known brand name in the path (raises risk); 2 login/payment words in the path (raises risk),example.net,offline (URL text only),,
22,http://www.plugins-shop.example.com/plugins/authentication/help/customer_center/customer-IDPP00C144/myaccount/signin,"made-up phishing-style URL (reserved domain, not real)",REVIEW,0.862,0.862,3 login/payment words in the path (raises risk); uses unencrypted http:// (raises risk); 9 slashes (raises risk),example.com,offline (URL text only),,
23,http://paypal.com.secure-login.test/webscr/login.php?cmd=verify,"made-up phishing-style URL (reserved domain, not real)",FRAUD,0.998,0.998,well-known brand name in the subdomain (impersonation pattern) (raises risk); uses unencrypted http:// (raises risk); 4 login/payment words in the path (raises risk),secure-login.test,offline (URL text only),,
24,http://startup-demo.example.net/doc/login.php,"made-up phishing-style URL (reserved domain, not real)",REVIEW,0.855,0.855,uses unencrypted http:// (raises risk); longest path segment is 9 characters (raises risk); server-script page (.php/.asp/.jsp) (raises risk),example.net,offline (URL text only),,
25,https://acces-en-ligne-demo.example/,"made-up phishing-style URL (reserved domain, not real)",REVIEW,0.678,0.678,3 hyphens in the hostname (raises risk); longest hostname part is 19 characters (raises risk); domain name is 19 characters long (raises risk),acces-en-ligne-demo.example,offline (URL text only),,
26,http://archive.example.com/_archived/U.S.Bank/U.S.Bank/home/auth/information.php,"made-up phishing-style URL (reserved domain, not real)",FRAUD,0.945,0.945,uses unencrypted http:// (raises risk); 7 dots (raises risk); a login/payment word in the path (raises risk),example.com,offline (URL text only),,
27,https://docs.google.com/forms/d/e/EXAMPLE-ONLY/viewform,"made-up phishing-style URL (real platform, placeholder form ID)",LEGITIMATE,0.030,0.970,domain ending '.com' (23% of training URLs with it were phishing) (lowers risk); domain is a well-known brand's own domain (lowers risk); subdomain is 4 characters long (lowers risk),google.com,offline (URL text only),,
28,http://family-blog.example.org/www.spk.de/spk.sicherheit.htm,"made-up phishing-style URL (reserved domain, not real)",REVIEW,0.741,0.741,another URL or 'www.' is embedded in the path/query (raises risk); uses unencrypted http:// (raises risk); 6 dots (raises risk),example.org,offline (URL text only),,
29,http://portal.prizes.example.com//?id=RVhBTVBMRS1PTkxZLU5PVC1BLVJFQUwtVE9LRU4,"made-up phishing-style URL (reserved domain, not real)",FRAUD,0.948,0.948,uses unencrypted http:// (raises risk); no path (raises risk); URL randomness 5.1 bits/char (raises risk),example.com,offline (URL text only),,
30,http://www.wpischedbend.example.net/points.php/?email=,"made-up phishing-style URL (reserved domain, not real)",REVIEW,0.540,0.540,uses unencrypted http:// (raises risk); 4 dots (raises risk); server-script page (.php/.asp/.jsp) (raises risk),example.net,offline (URL text only),,
31,https://www.wikipedia.org/,legitimate homepage,LEGITIMATE,0.036,0.964,domain ending '.org' (8% of training URLs with it were phishing) (lowers risk); has a 'www.' prefix (lowers risk); subdomain is 3 characters long (lowers risk),wikipedia.org,offline (URL text only),,
32,github.com/python/cpython,"legitimate, no scheme",LEGITIMATE,0.079,0.921,domain ending '.com' (23% of training URLs with it were phishing) (lowers risk); uses https:// (or no scheme given) (lowers risk); 4 slashes (lowers risk),github.com,offline (URL text only),,
33,,empty cell,ERROR,,,,,offline (URL text only),,empty URL
34,not a url,junk value,ERROR,,,,,offline (URL text only),,not a URL (contains spaces or has no domain name)
35,http://192.0.2.10/login.php,documentation IP (RFC 5737),FRAUD,1.000,1.000,no domain name (raw IP address) (raises risk); uses unencrypted http:// (raises risk); 4 dots (raises risk),192.0.2.10,offline (URL text only),,
